Question,Actual Answer,Predicted Answer
How we can effectively convert 2D images to 1D?,"Converting images to 1D data may not be effective because it removes the spatial information, which is crucial for CNNs to detect patterns and features in images.","By converting 2D images to 1D, we can effectively convert them to 1D by converting their pixels to pixels.  How we can effectively convert 2D images to 1D?|answer|By converting 2 How we can effectively convert 2D images to 1D by converting their pixels to pixels."
Can we utilize an autoencoder to perform dimensionality reduction on numerical datasets?,"Yes, autoencoders can be applied to numerical datasets for dimensionality reduction by learning a compressed input data representation. They can effectively capture nonlinear relationships and efficiently reduce the dimensionality.","Yes, an autoencoder can be utilized to perform dimensionality reduction on numerical datasets.  Can we utilize an autoencoder to perform dimensionality reduction on numerical datasets?|answer|Yes, an aut Can we utilize an autoencoder to perform dimensionality reduction on numerical datasets?"
What is NLP's current biggest challenge that is being tried to overcome ?,"The main challenges of NLP is finding and collecting enough high-quality data to train the models. Data is the fuel of NLP, without it models will not perform well or deliver accurate results.","NLP is a popular approach to overcome many of the problems in machine learning. It involves learning from data, applying machine learning techniques, and applying machine learning algorithms to solve complex problems."
Which problems cannot be solved by Neural networks?,"While neural networks have shown great success in various domains, other machine learning algorithms still have their significance. Different algorithms may better suited for specific types of problems","Nanogamy is a popular problem in neural networks, but it is not always the best solution.  The problem of deciding between two representations depends on the problem and the problem."
Is scaling necessary for SVM?,"Yes, scaling the input data is generally recommended when using Support Vector Machines (SVM). SVMs are sensitive to the scale of the features because they involve the calculation of distances between data points.","Yes, scaling is essential for SVM to maximize the number of nodes in the cluster.  The number of hidden layers in a SVM cluster depends on the size of the cluster."
"Adding layer to a machine learning model can lead to overfitting, correct?",Increasing the number of layers may lead to overfitting in case of low data size because it makes the neural network memorize the training set.,"Yes, adding layers can lead to overfitting, correct.  Adding layer to a machine learning model can lead to overfitting, correct?|answer|Yes, adding layers can lead to overfitting, correct.  How can we learn more about the hidden layer in a machine learning model"
is comparision of model predictions important?,Ensuring the model's right prediction in real world requires validation and testing on independent datasets. It's essential to evaluate the model's performance on unseen data and use appropriate evaluation metrics.,The comparision of model predictions is important for both prediction and prediction-based decision-making.  Is it possible to combine model predictions with decision-making tasks?|answer|The choice of model prediction depends on the specific problem and the specific task.
What is the way to invert the association rules?,"Yes, by inverting association rules, we can identify exceptions or rare patterns that do not follow the usual relationships between items in the data.","By inverting the association rules, the model learns to associate different weights with different weights, which can lead to different weights being assigned to different classes of neurons.  How to invert the association rules?|answer|By inverting the association rules, the model learns to associate different weights with different weights, which can lead"
What is the good number of filters we can have?,The number of output channels in a CNN layer corresponds to the number of filters or feature maps generated by that layer.,The number of filters we can have depends on the complexity of the problem and the desired output.  How many filters can be used in a single word?|answer|The number of filters can be determined by the complexity of the problem and the desired output.
How are Part-of-Speech (POS) tags learned in natural language processing?,"POS tags are learned using supervised or unsupervised learning approaches. Supervised methods involve training on labeled data, while unsupervised methods use statistical models to infer POS tags based on word contexts.",The POS tags are learned by the speaker during the processing of speech data. They are used to identify the speaker's voice and provide context for the speaker's voice.  How are the POS tags learned in natural language processing?  How are the POS tags learned in
"In the real world, which type of machine learning, supervised or unsupervised learning, has more applications?","Supervised learning has a wider range of applications in the real world, as it is commonly used for tasks such as classification, regression, recommendation systems, and natural language processing.","Machine learning is a subset of machine learning that focuses on tasks like classification, regression, and visualization.  is a subset of machine learning that focuses on tasks like sentiment analysis, sentiment analysis, and sentiment analysis."
"I think Model does not depend upon data volume - could be no. of features, layers, params etc.","Yes, the model's complexity, represented by the number of layers, parameters, and features, impacts its performance and efficiency, but not the data volume.","Model does not depend on data volume, it depends on the model's architecture and the requirements of the data.  Yes, Model does not depend on data volume, it depends on the model's architecture and the requirements of the data."
Dense function does the jobs of Convolution as well as Fully connected layer ?,"No, the Dense function in Keras is used to create fully connected layers in neural networks.",Dense function does the jobs of Convolution as well as Fully connected layer. It is used to update the weights of the convolutional layers based on the input data.
When does GloVe doesn't work well?,"Yes, GloVe provides vectors for all the words in the corpus used to train the model.","GloVe is not a fully connected layer in neural networks, it is a subset of the neural network architecture.  The hidden layer in a neural network is a hidden layer that is connected to the input layer. It is a layer that receives input data from the input layer, and updates its weights based on the input data."
In which scenarios or contexts do we typically employ a tanh kernel?,"The tanh kernel is commonly used in scenarios involving non-linear classification or regression tasks, especially when working with support vector machines (SVMs).","The tanh kernel is a subset of the kernel of the convolutional neural network (CNN). It is a subset of the kernel of the convolutional neural network (CNN).  The term ""tanh kernel"" is used in the context of CNNs. It is a subset of the kernel of the convolutional neural network (CNN"
"While training, do we start with random weights for every epoch? Or do we take them from the previous epoch?","In SGD, random sampling and shuffling of the dataset reduces the likelihood of selecting the same sample again in subsequent batches, promoting diversity in the data representation during training.","The choice of weights can be arbitrary, but the choice of epoch depends on the specific problem.  How many weights are used in a CNN?  The number of weights in a CNN depends on the specific problem."
what is compression used in autoencoders?,"Autoencoders are used for various applications, including image denoising, data compression, anomaly detection, feature extraction, and generative models like variational autoencoders (VAEs).","The compression algorithm used in autoencoders is called ""compression"" or ""compression-based"" compression. It is used to reduce the loss of information by reducing the number of features.  How is the loss of information determined?  The loss of information is determined by subtracting the number of features from the input data."
Is it a thumb rule to take log(N) as the window size?,"No. The window size depends on the specific problem, data characteristics, and desired outcomes, and it should be determined based on empirical analysis and experimentation rather than a fixed rule.",The window size is the number of pixels in the input data. It is the number of pixels in the output data that is considered as the window size.  How can we determine the window size?  The window size is the number of pixels in the input data. It is the number of pixels in the output data that
How to check the seperability of n-dimensional data?,"Appling dimensionality reduction techniques such as PCA, TSNE on dataset transforms data into manageable dimensions. Then plot the data and check the seperability.",Check the seperability of n-dimensional data by checking the accuracy of the model's predictions.  How to check the se is a better choice for numerical data?  How to check the se word word is a better choice for numerical data.
What should be the length of vector in Word2Vec model?,"yes, the number of word vectors in a Word2Vec model is typically equal to the number of unique words in the corpus.",The length of a vector in Word2Vec is determined by the number of words in the input word.  How many words are in a word2Vec model?  The number of words in a word2Vec model is determined by the number of words in the input word.
How is y_pred used in evaluating the performance of a ML model?,"The y_pred (predicted output) is used in evaluating the performance of a machine learning model by comparing it with the actual target values (y_true). Metrics such as accuracy, precision, recall, F1 score, or loss functions are computed based on the predictions and ground truth to assess the model's performance.",Y_pred is a subset of the y_parameter classifier that can be used to evaluate the performance of a model.  How is the y_parameter classifier used in evaluating the performance of a ML model?  The y_parameter classifier is a subset of the y_parameter classifier that can be used to
Example of a non-parametric model?,"A non-parametric model is the k-nearest neighbors (KNN) algorithm, where the number of parameters doesn't depend on the data size. It memorizes the entire training set to make predictions, offering flexibility in capturing complex patterns.","What is the purpose of a non-parametric model?  A non-parametric model is a model that can be used to model complex relationships, such as categorical data, or to model non-linear relationships, such as categorical data.  Model is a non-parametric model that can be used to model complex relationships,"
how 2x2 to 3x3 mapping is happening while sliding,"No, we cannot modify the 2x2 to 3x3 mapping while sliding. It is a fixed operation that is applied to each window as we slide it over the image.",scaling?  2x2 to 3x3 mapping is happening while sliding|answer|scaling.  How 2x2 to 3x3 mapping is happening while sliding|answer|scaling?  How 2x2 to 3x3 mapping is happening while sliding|answer|scaling
"what are the evalusation methods to determine, if the images have been sufficiently denoised?","Evaluation methods for determining if images have been sufficiently denoised include visual inspection, quantitative metrics like peak signal-to-noise ratio (PSNR) or structural similarity index (SSIM), and subjective assessments through user studies or expert opinions.","The methods used to determine denoised images include:

Quantitative

Quantitative

Quantitative

Quantitative

Quantitative

Quantitative

Quantitative

Quantitative

Quantitative

Quantitative

Quantitative

Quantitative

Quantitative

Quantitative

Quantitative

Quant"
How Convolution network works?,A convolutional neural network (CNN) works by applying a series of convolution operations to the input data. Convolution is a mathematical operation that takes two matrices as input and produces a third as output.,"The convolutional neural network (CNN) is a neural network that learns to update its weights based on input data. It learns to update its weights based on input data, and then updates its weights based on the input data.  How can we learn to update weights based on input data?  The CNN learns to update its weights based on"
"What are the various data that can be used for machine learning applications, besides images?","Besides images, various types of data can be used for machine learning applications, such as text data, numerical data, time series data, audio data, video data, sensor data, and graph data, among others.","Data that can be used for machine learning applications, besides images, include: text, images, audio, and video.  is a word embeddings feature that can be used for machine learning applications. It can be used for text and image classification tasks, while text and image classification tasks can be used for audio and video"
Can we create clusters using decision trees instead of k-means clustering?,Decision trees can be extended to clustering problems with an adjustment like a new split criterion that does not require the labels for the tree construction is therefore needed.,"Yes, we can use decision trees to create clusters using decision trees, but they are not necessarily the best choice for clustering.  Can we create clusters using k-means clustering?  Can we create clusters using k-means clustering?"
Which are the other kind of problems for which deep learning is used?,"Deep learning is used for various problem domains, including computer vision tasks like image classification, object detection, and image segmentation.","Deep learning is a subset of machine learning that focuses on extracting patterns from data, while other types of problems include image classification, speech recognition, and machine learning.  is an example of a problem for which deep learning is used. It is a subset of machine learning that focuses on extracting patterns from data, while other types of problems include"
what are the aspects that help select a ML Model?,"Aspects that help select a machine learning model include the nature of the problem (classification, regression, etc.), available data, complexity requirements, interpretability, computational resources, and evaluation metrics.","The features that help select a ML model include the ability to capture complex relationships, the ability to capture complex relationships, and the ability to capture complex relationships in the context of data analysis.  How can we learn more about the features in a model?  The feature selection process involves selecting a model based on the features in"
What is a neuron in neural netwprks in machine learning?,"In machine learning, a neuron in a neural network is a computational unit that takes weighted inputs, applies an activation function, and produces an output, contributing to information processing and decision-making in the network.",Nerve in neural networks is a type of neuron that is connected to a neuron in a network by a single neuron.  What is a neuron in neural network?|answer|Nerve in neural networks is a type of neuron that is connected to a neuron in a network by a single neuron.
What are the other applications of unsupervised learning than clustering?,"Other applications of unsupervised learning are text generation, object recognition, anomaly detection, recommendation engines etc.",Unsupervised learning is a subset of supervised learning that focuses on the optimization of data by randomly assigning randomly generated clusters to a specific task.  What are the other applications of unsupervised learning than clustering?  The other applications of unsupervised learning include clustering
What is the difference between NLP and speech processing?,"NLP, which stands for natural language processing deals with human text. On the other hand, speech processing deals with speech.",NLP is a subset of speech processing that focuses on capturing and processing complex patterns and words. It is used for both speech and video processing.  is a subset of speech processing that focuses on capturing and processing complex patterns and words. It is used for both speech and video processing.
What are the various initialization methods in a neural network?,"Various neural network initialization methods include random initialization, Xavier/Glorot initialization, He initialization, and orthogonal initialization, which set initial weights for effective learning.","The initialization methods in a neural network are:
1) Random initialization,
2) Random activation,
3) Random activation,
4) Random activation,5) Random activation,
and
5) Random activation.  How are the various initialization methods in a neural network?  The initialization methods in a neural network are:
1) Random"
What are the steps of town down approach in hierarchical clustering?,"The best criteria for splitting clusters is often based on maximizing the inter-cluster dissimilarity or minimizing the intra-cluster similarity, such as using measures like distance, linkage criteria or variance reduction.","The steps of the down approach in hierarchical clustering are to select a subset of the population, select a subset of the data, and then select the subset of the population that exhibits the highest similarity to the selected subset.  How are the steps of the CNNing algorithm determined?|answer|The CNNing algorithm is a feature extraction algorithm used"
Is it possible to combine speech and video data to enhance the understanding of emotional intelligence?,"Yes, combining speech and video data can provide richer cues for analyzing emotional intelligence, leveraging both vocal and visual expressions.","Yes, combining speech and video data can enhance the understanding of emotional intelligence.  How is the activation function determined? Is it determined by the activation function of the input signal?  The activation function of a speaker is determined by the activation function of the input signal."
Is it a good idea to initialize the weights in any neural network as per Gaussian random distribution?,"Gaussian random distribution has a zero mean and a unit variance, which helps to prevent the network from becoming too biased or too unstable. Hence good for initialization of weights in any neural network.","The weights in a neural network are initialized randomly by the network, and the weights are updated automatically during training.  How can we determine the weights in a neural network?  The weights in a neural network are initialized randomly by the network, and the weights are updated automatically during training."
What is the reason for making the sample again 100% by adding the replication?,"To increase the statistical power, generalizability or reduce the variance of study results, the sample might be made 100% again by adding replication.",The sample is not 100% by adding the replication. It is 100% by adding the original data.  How can we ensure that the original data is not overwritten?|answer|The sample is not overwritten by the original data.  How can we ensure that the original data
"Can association rules be inverted to identify exceptions, such as items that are not commonly associated with each other?","Yes, association rules can be inverted to identify exceptions or dissociations.","The association rules can be inverted to identify exceptions, such as item that is not commonly associated with each other.  Can association rules be inverted to identify exceptions, such as item that is not commonly associated with each other?  Can association rules be inverted to identify exceptions, such as item that"
Is stride always choosen as 1 or can it be any number?,"Stride is not always 1, although 1 is a common choice for many convolutional neural networks. It can be set to any positive integer value, depending on the desired output size and the optimization algorithm.","Yes, stride is always chosen as 1 or can it be any number.  Is it always true to say that the number of steps in a neural network is always 1?|answer|Yes, stride is always chosen as 1 or can it be any number."
How can ImageNet be used to build a custom machine learning model?,The ImageNet dataset is used to build custom models by using the pre-trained weights of a pre-trained model. The weights of the pre-trained model are frozen and then new layers are added to the model.,"Machine learning is a powerful tool for building machine learning models, but it can be expensive and time consuming.  How can ImageNet be used to build a custom machine learning model?|answer|Machine learning is a powerful tool for building machine learning models, but it can be expensive and time consuming."
"In the Sequential API, which method is used to specify the optimizer?",compile() method is used to pass the optimizer in sequential api.,The Sequential API is used to implement the optimization algorithm in the context of the Neural Network. It is used to implement the gradient descent algorithm in the context of the Neural Network.
what is CART (Classification and Regression Trees) algorithm?,"The CART (Classification and Regression Trees) algorithm is a decision tree-based machine learning algorithm used for both classification and regression tasks, splitting data based on feature conditions to create a tree-like structure for predictions.","CART is a classification and regression algorithm used in machine learning to classify and model data. It is used to classify and model data based on the characteristics of the data, while adjusting the weights based on the desired characteristics.  How is the classification and regression algorithm used?  The classification and regression algorithms are used to classify and model data based"
What are the possibilities of number of neurons in the output layer?,"The number of neurons in the output layer depends on the specific problem. It can be one for binary classification, equal to the number of classes for multi-class classification, or variable for other tasks such as regression or multi-label classification.","The number of neurons in the output layer can be determined by the number of neurons in the input layer, which can be determined by the number of neurons in the output layer.  How can we determine the number of neurons in the output layer?  The number of neurons in the output layer can be determined by the number of neurons in the"
"How can we incorporate the influence of
additional features,apart from the
observation itself?","To factor in the impact of other features,
use a multi-variate model like VAR(Vector
Autoregression) or LSTM with additional
input features to capture their influence
on the time series predictions.","The influence of additional features can
occur in a number of ways, including
providing insights into the
pattern of behavior,providing
information about the
pattern of behavior,providing
information about the
prediction,providing insights
into the underlying patterns,providing
information about the
prediction's accuracy,providing"
Can we apply Autoencoders on numerical datasets for dimentionality reduction?,"Yes, autoencoders can be used on numerical datasets for dimensionality reduction. They learn to compress the input data into a lower-dimensional representation, and then reconstruct the original data from the compressed representation.","Yes, we can use Autoencoders for numerical datasets.  Can we apply Autoencoders on numerical datasets for dimensionality reduction?|answer|Yes, we can use Autoencoders for numerical datasets."
How we can apply CNN to text and pictures?,"To apply CNNs to dynamic data like audio, we can use techniques like sliding windows or spectrogram representations to convert the dynamic data into fixed-size inputs suitable for CNNs.","CNN is a powerful and flexible text and image processing system that can be used for text and images. It can be used for text and images, but it can also be used for other types of text and images.  How can we apply CNN to text and images?|answer|CNN is a powerful and flexible text and image processing system that can be used for"
Are they not mutually exclusive?,"When both approach 1, it means model is able to correctly identify all of the positive cases in the dataset without incorrectly classifying any of the negative cases as positive.","Yes, they are.  Yes, they are mutually exclusive.  is an example of a word embedding function. It takes a single word as input and returns a list of words."
"What is the significance of the term ""Natural language""? Does this imply the existence of unnatural languages as well?","The term ""natural language"" refers to languages used by humans for communication. While ""unnatural languages"" may exist, it typically refers to artificially constructed languages or specialized jargon.","Natural language is a term used to describe the linguistic diversity of a language, and it is used to describe the linguistic diversity of a language.  is a feature of speech recognition that can be used to identify natural language features."
Is it possible to associate specific kernel functions with particular problem statements or domains in machine learning?,"Yes,certain kernel functions may be more suitable for specific problem statements based on the characteristics of the data, such as linear kernels for linearly separable problems or radial basis function (RBF) kernels for non-linear patterns.","Yes, it is possible to associate specific kernel functions with specific problem statement or domain in machine learning.  The term ""kernel"" is used in machine learning to refer to the number of features in a neural network. It is used to refer to the number of features in a neural network."
When is backpropagation typically performed in a neural network training process?,"Backpropagation is performed during the training phase of a neural network after the forward pass, where the gradients are computed and used to update the weights and biases.","backpropagation is typically performed in a neural network training process. Backpropagation is typically performed in a neural network with a fixed number of neurons, typically in the direction of the input data.  When backpropagation is performed in a neural network, what is the purpose of backpropagation?|answer, backpropagation is"
Is convoluton a dimensionality reduction technique?,Convolutional operations in CNNs primarily used for feature extraction rather than dimensionality reduction.,"Yes, it is a dimensionality reduction technique used in machine learning to reduce the number of features in a neural network by reducing the number of features."
Are there any databases similar to ImageNet that contain X-Ray images for classifying human diseases?,"Yes, there are databases available that resemble ImageNet but contain X-Ray images specifically curated for the classification of various human diseases.","ImageNet is a popular choice for classifying human diseases.  Yes, there are several databases that contain X-ray images for classifying human diseases."
"At the beginning of each epoch, do we initialize the weights randomly, or do we use the weights from the previous epoch?",The weights are typically either initialized randomly or carried over from the weights obtained in the previous epochs,"The weights from the previous epoch are initialized randomly, and the weights from the previous epoch are updated automatically.  How can we determine the weights of a CNN?  The weights of a CNN are determined by the weights of the previous epoch, and the weights from the previous epoch are updated automatically."
what's the main objective of this consonant classification in speeech recognition?,The main objective of consonant classification in speech recognition is to accurately identify and categorize consonant sounds to improve overall speech understanding and transcription accuracy.,"The main objective of consonant classification in consonant recognition is to identify consonant clusters, which are typically represented by a single vowel.  How is the consonant classification in consonant recognition determined?  The consonant classification in consonant recognition is based on the consonant clusters extracted from the corpus of speech."
Can the number of clusters change during the iteration of a clustering algorithm?,"Yes, the number of clusters can change during the iteration of a clustering algorithm, particularly in dynamic or hierarchical clustering methods that adaptively merge or split clusters based on certain criteria.",The number of clusters can change during the iteration of a clustering algorithm.  Can the number of clusters change during the iteration of a clustering algorithm?|answer|The number of clusters can change during the iteration of a clustering algorithm.  How can the number of clusters change during the iteration
Do search engines also use web scraping?,"Yes, search engines also use web scraping to collect and index data from the web.","Yes, search engines use web scraping to scrape web pages for advertising purposes.  How can we determine the relevance of a word in a web search?  The word in a web search is typically considered to be relevant to the target word."
Is it generally recommended to initialize the weights (W's) in a neural network using a Gaussian random distribution during the random initialization process?,"Yes, it is commonly advised to initialize the weights (W's) in a neural network using a Gaussian random distribution for better performance and convergence during training.","The weights in a neural network are initialized randomly during the initialization process, and the weights are updated during the training process.  How can we determine the weights of a neural network using a Ga How can we determine the weights of a neural network using a"
How is padding useful in image processing?,Padding allows for more space to the filter to cover the image.,"The padding in image processing is used to reduce the dimensionality of the image, reducing the number of pixels in the original image.  How is padding used in image processing?|answer|The padding in image processing is used to reduce the dimensionality of the image, reducing the number"
What is the difference between Natural Language Processing and speech processing?,"NLP, which stands for natural language processing deals with human text. On the other hand, speech processing deals with speech.","Natural language processing is a subset of speech processing that involves the processing of words and sentences in a natural language. It involves the processing of complex mathematical expressions, such as numbers, consonants, and consonant clusters."
"How can we ensure that models consider external factors, such as the COVID-19 pandemic, which caused sales to decline and no sales during lockdowns?","To ensure model learns external impacts like COVID's effect on sales, include relevant data from that period during training. Incorporate features representing lockdowns or other related information to help the model adapt to such changes.","The model can use external factors to assess the impact of the pandemic on the sales of its models, such as the availability of data, the availability of data augmentation techniques, and the availability of data augmentation tools.  How can we ensure that"
What are different activation functions in a NN?,"Different activation functions used in neural networks include Sigmoid, ReLU (Rectified Linear Unit), Leaky ReLU, Tanh (Hyperbolic tangent), Softmax, and Linear activation functions.",NN activation functions are functions that take input data as input and output data as output.  What are the different activation functions in a NN?  Activation functions take input data as input and output data as output.
"Is convolution primarily used to reduce
dimensionality in neural networks?","Convolutional operations in CNNs are primarily
used for feature extraction,capturing spatial
relationships. Pooling operations are typically
employed to reduce dimensionality by
down-sampling feature maps.","Yes, convolutional
techniques can be used to reduce
dimensionality in neural networks,
such as
supervised learning,
for example, by
increasing the dimensionality
of the input data.  Is there a distinction between
supervised learning and
supervised learning?  Yes"
"During the preprocessing of data, how can anomalies be identified?","Anomalies can be detected by applying statistical techniques such as z-score, interquartile range, or Gaussian distribution-based methods to identify data points that deviate significantly from the norm.",The anomaly detection process can be automated by using the      The   ization process is used to identify anomalies in data by analyzing the data and identifying anomalies in the data.
How important is data mining in the context of machine learning and artificial intelligence?,"Data mining is crucial in ML and AI. While data mining prepares data, ML automates predictions without any human intervention, enables AI systems to make decisions autonomously.",Data mining is a crucial part of machine learning and artificial intelligence. Data mining is a fundamental part of machine learning and artificial intelligence.  is an example of a word or expression that is not in the context of machine learning or artificial intelligence. It is a question of whether the word or expression is in the context of machine learning or artificial
What is the reason behind choosing max pooling instead of average pooling?,"Max Pooling is chosen over Average Pooling in CNNs for tasks like image recognition because it retains the most activated features, providing better spatial and preserving critical patterns for accurate classification.","The choice of pooling is based on the desired characteristics of the dataset, the desired computational resources, and the desired computational efficiency.  How can we determine the optimal pool size?  The choice of pooling depends on the desired characteristics of the dataset, the desired computational resources, and"
does the 1st dense includes 1 hidden layer alongwith input layer or just input layer?,"The first dense layer includes both the input layer and the hidden layer. It connects all input features to neurons in the hidden layer, performing the initial transformation of data in the neural network.","The 1st dense includes 1 hidden layer along with input layer.  Yes, the 1st dense includes 1 hidden layer along with input layer."
Compare Gassian random distribution against other methods of intialization?,"Gaussian random distribution initializes weights with random values following a normal distribution. It's widely used but requires careful tuning, while Xavier/He are better suited for deeper networks.","GASA Random distribution is a popular choice for intialization tasks. It is a simple, efficient, and scalable approach that can be used for both intialization and batching tasks.  How can we determine the optimal size of a CNN?|answer|GASA Random distribution is a popular choice for intialization tasks. It is a"
does this data thumb rule apply for both classification & regression problems?,"the amount of data needed to train an accurate model depends on a variety of factors, including the complexity of the model and the dimensionality of input data.",The data thumb rule applies for both classification & regression problems. It applies for both classification & regression problems.  Does this data thumb rule apply for both classification & regression problems?|answer|The data thumb rule applies for both classification & regression problems. It applies for both classification & regression problems.  How can we determine the
How does the mapping from a 2x2 input to a 3x3 output occur during sliding in convolutional operations?,2x2 input maps to a 3x3 output via sliding convolution using filters.,The mapping between a 2x2 input and a 3x3 output is done by sliding the 2x2 inputs into the 3x3 output.  How does the mapping from a 2x2 input to a 3?  The mapping between a 2x
Can it be controlled by human?,The number of features selected in each tree is a hyperparameter in Random Forest.,"Yes, it can be controlled by human.  How can we determine if a model is accurate? Is it accurate in its predictions?  The model's predictions are based on the data and the model's predictions are based on the data."
Give one example where y_pred is used?,"When evaluating the performance of a model, the `y_pred` variable is compared to the actual output to calculate various metrics such as accuracy, precision, recall, and F1 score.","Y_pred is used for prediction of the future.  How can we determine the future of a model by considering the predicted values of the y_pred variable?  By using the y_pred variable, we can determine the future of a model by considering the predicted values of the y_pred variable."
Does dataset need to have same number of samples in each class for model training?,"Dataset doesn't need approx same number of samples in each class, skewed classes llike IMAGENET also be used for training.","Yes, datasets need to have same number of samples in each class for model training.  How can we ensure that the same number of samples in each class is used for model training?  The dataset is typically used for model training, but it can be used for other tasks, such as image classification, or for"
How to ensure models consider external impacts like COVID-related sales decline during lockdowns?,"One approach is to include relevant external factors, such as lockdown periods as additional features in the training data, enabling the model to learn their influence on the target variable.",The model's performance depends on the specific problem and the specific problem.  How to ensure models consider external impacts like COVID-related sales drop during lockdowns?  How to ensure models consider external impacts like COVID-related sales drop during lockdowns?
What are the applications of Autoencoder and PCA?,"Autoencoders are used for data compression, denoising, and anomaly detection, while PCA is employed for dimensionality reduction and feature extraction in data analysis.","The applications of Autoencoder and PCA are diverse, but they are essential for the development of machine learning models and applications.  is an example of a word embeddings problem. It involves capturing the semantic relationships between words and their derivatives."
How to leverage pretrained models for any specific machine learning task?,A wide range of pre-trained models are publicly available. These model allows us to leverage existing knowledge thereby models can improve performance on new tasks and save time.,"The pretrained model can be used to model the input data, but it can also be used for other tasks, such as text classification, or for machine learning tasks like image classification.  is an example of a machine learning model that can be used for text classification tasks."
"Whether the ""images"" in later layers of a CNN are actually images or just interpreted as images due to RGB logic?","In later layers of a CNN, the activations represent abstracted and transformed visual features rather than literal images. which may not resemble the original input images.","The ""images"" in later layers of a CNN are not necessarily images, but interpretable as images due to RGB logic.  How can we interpret the RGB logic in later layers of a CNN?  The RGB logic in later layers of a CNN is not necessarily"
Is deep learning only used for classification problems?,"No, deep learning is not only used for classification problems. It can be used for other tasks such as classification, regression, and generation","Yes, deep learning is used for classification problems. It is used for tasks like image classification, text classification, and image-based classification.  is an image classification problem?|answer|Yes, the word ""str"" in the word ""str"" in the context of classification problems. It is used for image classification, text classification, and image-based classification."
Is there any sub-branch of Speech recognition deals with converting brain electrical signals to speech ?,"Yes, there is a sub-branch of speech recognition that deals with converting brain electrical signals to speech. It is called brain-computer interface (BCI).","Yes, there is a sub-branch of Speech recognition called Speech-to-Computer Interface (SCCI) that deals with converting brain electrical signals to speech.  Can you provide an example of a speech recognition task that involves converting brain electrical signals to speech?  Yes, there"
"When or where do Validating constraints or rules such as height-weight ratios, volume-density relationships, or any other domain-specific constraints in a neural network takes place?","Validating constraints or rules in a neural network occurs during the model evaluation phase, where the network's predictions are checked against domain-specific guidelines or limitations.","The validation of constraints or rules such as height-weight ratios, volume-density relationships, or any other domain-specific constraints in a neural network takes place during training.  How can we interpret the output of a neural network?"
Is it possible for a model to fail in properly grouping certain data points? What steps should be taken in such a scenario?,"Yes, models can struggle to group certain data points. In such cases, refining the model architecture, feature selection, or collecting additional data may help improve the grouping accuracy.","In a fully connected network, the model can fail in grouping certain data points by grouping them incorrectly.  question is a question that can be answered by using the feature extraction tool"
How does the mapping from a 2x2 to a 3x3 size occur during the sliding process?,"When sliding a 2x2 filter over an image, a 3x3 region is created by extending the filter's size with zero padding on the right and bottom sides.","The mapping between a 2x2 and a 3x3 is done by sliding the 2x2 and 3x3 edges together, resulting in a 3x3 grid.  How does the mapping from a 2x2 to a 3x3 size occur during the sliding process?  The mapping"
What is the difference between NLP and speech processing?,"NLP, which stands for natural language processing deals with human text. On the other hand, speech processing deals with speech.",NLP is a subset of speech processing that focuses on capturing and processing complex patterns and words. It is used for both speech and video processing.  is a subset of speech processing that focuses on capturing and processing complex patterns and words. It is used for both speech and video processing.
Is data normalization/scaling applicable in the context of speech recognition?,"Yes, data normalization/scaling is applicable in speech recognition to ensure consistent ranges and improve the performance of machine learning algorithms.",Data normalization/scaling is applicable in the context of speech recognition. It involves adjusting the weights of the speech recognition model to minimize the loss of information.  is not always correct. It can be used to identify speech patterns and patterns that are not normal.
"In CNNs, how can we visualize layers and filters? Do we interpret the weights as RGB pixel values, and how do we handle values beyond the 0-255 range? Maintain the context in the rephrased question.","In CNNs, visualizing layers and filters involves mapping weights to pixel values. Normalization techniques like scaling or clipping ensure valid visualization range.","CNNs are not always linear representations of data, but they can be useful for visualization and visualization of complex relationships, such as hidden layers, hidden layers, and hidden filters.  In CNNs"
How we can load bin file?,"It does not automatically load binary files, as binary files are not in JSON format.",The bin file is a compressed binary file containing all the data in the current working directory. It contains the binary data for each epoch in the epoch tree.  How we can extract the bin file?|answer|The bin file is a compressed binary file containing all the data in the current working directory. It contains the binary data for each epoch in the epoch tree.
What are the reasons for using max pooling instead of average pooling? Provide insights into the context of choosing max pooling.,"Max pooling preserves dominant features, aiding in detecting significant patterns. Avg pooling might dilute important information, affecting performance.","Max pooling is a technique used to maximize the pool size by minimizing the number of inputs. It is used to minimize the number of outputs, while minimizing the number of inputs."
What is the purpose of using a limit or max limit in a given context?,"In mathematics, a limit determines the behavior of a function as the input approaches a particular value or infinity, providing insight into its convergence or divergence.",The limit or max limit in a given context is the maximum number of elements in the input data set that can be considered as a single value.  word embeddings are used to capture the semantic relationships between words and their derivatives.
Is clustering a suitable technique for determining the optimal placement of Content Delivery Networks (CDNs) in cloud infrastructure?,"Clustering can be employed to identify suitable locations for placing CDNs in cloud infrastructure, considering factors like network proximity and demand distribution.","Clustering is a suitable technique for determining the optimal placement of Content Delivery Networks (CDNs) in cloud infrastructure.  Is clustering a suitable technique for determining the optimal placement of Content Delivery Networks (CDNs) in cloud infrastructure?  Yes, clustering is a suitable technique for"
Mention few methods used for cutting neural networks?,"Some methods used for cutting neural networks include pruning (removing unnecessary connections/weights), quantization (reducing precision of weights), and knowledge distillation (transferring knowledge from a larger network to smaller one).","The most common approach is to use a convolutional neural network (CNN) or Gaussian kernel (GNN) as the input layer.  The most common methods for slicing neural networks are to use a convolutional neural network (CNN), Gaussian kernel (GNN), or Keras."
Does Unsupervised Learning solely apply to 'grouping' or 'clustering'? Are there other applications for unsupervised learning?,"No, unsupervised learning encompasses more than just grouping or clustering. It also includes dimensionality reduction, anomaly detection, and generative modeling, among other applications.","Unsupervised learning is a subset of supervised learning that focuses on tasks like classification, regression, and visualization.  The term ""supervised learning"" is not a specific subset of unsupervised learning. It is a subset of supervised learning that focuses on tasks like classification,"
How do discrimination and reliability differ from each other?,"Discrimination refers to the ability of a measurement or test to differentiate between distinct groups or categories, while reliability pertains to the consistency and stability of the measurement or test results over repeated administrations.","The reliability of the data is determined by the similarity of the two data points, while the reliability of the data is determined by the similarity of the two data points.  How do discrimination and reliability differ from each other?|answer|The reliability of the data is determined by the similarity of the two data points, while the reliability of is determined by the"
Which holds more signficance: classification or regression?,There is no holy grail between classification and regression. Both have distinct purposes. Their significance depends on the problem and data type.,The classification or regression model is a subset of the neural network that learns from input data and outputs predictions based on the input data.  is a subset of the neural network that learns from input data and outputs predictions based on the input data.
Is it recommended to use MATLAB for speech processing?,"Yes, Matlab can be used for speech processing and it has a collection of algorithms that can offer immediate visual feedback. But Python has tons of libraries and packages to solve any contemporarry problems.","Yes, MATLAB is a powerful and flexible language for speech processing. It is suitable for both spoken and non-verbal communication.  is an example of a word processing problem. It is a question-solving problem in speech processing."
Is it always feasible to transform data to a linearly separable form by increasing the dimensionality by one?,"No, increasing the dimensionality by one does not guarantee that the data can always be linearly separable. Some datasets may require a higher-dimensional space or nonlinear transformations to achieve linear separability.","The data is linearly separable, but it can be transformed to a linearly separable form by increasing the dimensionality by one.  How can we determine the dimensionality of a hidden layer by increasing the dimensionality of the input data?  By increasing the dimensionality of the"
How does window size parameter affect the context of a given word in NLP?,"A larger window size captures more topical or semantic similarity, while a smaller window size captures more syntactic or functional similarity.","The window size parameter affects the context of a given word in NLP. It affects the context of words in the sentence, not the context of the word itself.  How does window size parameter affect the context of a given word in NLP?  The window size parameter affects the context of a given word in NLP. It"
"Is it necessary to comprehend the features
extracted by CNN or can we simply feed
them into Random Forest and let the
machine handle the task?
Why is backpropagation not applicable to
Random Forest, and what are the reasons behind it?","Understanding CNN features aids
interpretability and model improvement.
Feeding features to Random Forest is
valid,but interpretability may be
limited.Backpropagation is specific
to neural networks.Random Forest is
not based on gradients,making
backpropagation infeasible.","Backpropagation is not applicable to CNNs,
and it is not necessary to comprehend the features extracted
from the data."
"How do any constraint/rules like height weight ,or volume density,fit etc can be validated in neural networks, at which layer?","Constraints and rules like height, weight, volume, density, and fit can be validated in neural networks using a variety of methods like weight regularization, dropout and custom layers.","The constraints/rules can be validated using the model's own model architecture, such as Keras or GloVe.  How can a model learn to predict the shape of an image using a single rule?|answer|The model can learn to predict the shape of"
Can self-supervised learning be the apt approach for fraud detection where count of true positives is very low in reality?,Self-supervised learning can learn to identify patterns in the data that are not easily identifiable by traditional supervised learning methods. Hence can be an apt approach for use case like fraud detection.,"Yes, self-supervised learning can be the approach for fraud detection where count of true positives is very low in reality.  Can self-supervised learning be the same as self-supervised learning?|answer|Yes, self-supervised learning can be the approach for fraud"
"In simple terms, how is feedback different from backpropagation in the context of neural networks?","Feedback in neural networks refers to the flow of information from higher to lower layers, whereas Backpropagation Algorithm for weight updates based on error signal","backpropagation is a technique used to adjust the weights of neural networks based on the input data.  In neural networks, feedback is typically applied to update the weights of the network based on the input data."
Is it appropriate to interpret the weights as RGB pixel values? What occurs when certain numbers exceed the 0-255 range?,"To visualize layers & filters in a NN, we use techniques like activation visualization, or deconvolutional networks. We don't simply treat weights as RGB pixel values, if numbers are beyond 0-255 range are rescaled or clipped for visualization.","The weights are not necessarily RGB pixel values, but they represent the values of the RGB color space.  How can we interpret the weights as RGB pixel values?  The weights are not necessarily RGB pixel values, but they represent the values of the RGB color space."
Can RGBa images be considered as a 4D array in image processing?,"Yes, RGBa images can be represented as a 4D array, where each pixel contains values for red, green, blue, and alpha channels, enabling transparency information.","Yes, RGBa images can be considered as a 4D array in image processing.  Can RGBa images be considered as a 4D array in image processing?|answer|Yes, RGBa images can be considered as a 4D array in image processing."
What are the differences between using batch training and stochastic gradient descent (SGD) in neural network optimization? Maintain the context in the rephrased question.,"Batch: Updates weights using entire dataset, slower convergence. SGD: Updates weights using single data point, faster convergence, more noisy.","Batch training is a subset of SGD, which is used to train a neural network with a fixed number of neurons. It is a subset of SGD that is used to train a neural network with a fixed number of neurons."
what does X.ndim do in pytorch? What is the equivalent function in tensorflow package?,"In PyTorch, X.ndim returns the number of dimensions in tensor X. The equivalent function in TensorFlow is tf.rank(X).",X.ndim is a tensor function that takes a tensor as input and returns a tensor with the same dimensions as the input. It returns a tensor with the same dimensions as the output.  What is the equivalent function in tensorflow? What is the equivalent function in tensor
Will slow compression over many layers & abrupt expansion over few layers lead to data loss in autoencoder?,"Slow compression and abrupt expansion in autoencoders can cause data loss and affect reconstruction quality, especially if information is lost in bottleneck layers.","Yes, slow compression over many layers & abrupt expansion over few layers can lead to data loss in autoencoder.  How can we learn more about the hidden layers in autoencoder?  How can we learn more about the hidden layers"
Can FAQ bots be developed or constructed using Interactive ML?,FAQ bots can indeed be modeled and built using Interactive ML techniques.,"FAQ bots can be developed or constructed using Interactive ML.  Can FAQ bots be developed or constructed using Interactive ML?|answer Yes, FAQ bots can be developed or constructed using Interactive ML.  The same as the word ""bot"" in the context of machine learning."
Does user controls the number of features to be selected in each tree of a Random Forest model a hyperparameter ?,The number of features to be selected in each tree of a Random Forest model is a hyperparameter that can be controlled by the user.,The number of features to be selected in each tree of a Random The number of features to be selected in each tree of a Random Forest model is a hyperparameter.
"When is backpropagation performed in neural networks, and what is its role in the learning process? Maintain the context in the rephrased question.","During neural network training, backpropagation computes gradients from the output layer backward, adjusting weights based on errors calculated.","Backpropagation is a technique used to update the weights of a neural network based on input data. Backpropagation is used to update the weights of a neural network based on input data.  When backpropagation is used in neural networks, what is its role"
What is the primary challenge in current NLP research that researchers are actively working to overcome?,"The current biggest challenge in NLP research is developing models that possess a deeper understanding of context, semantics, and reasoning abilities.","The primary challenge in NLP research is to overcome the inherent biases and biases in the data, enabling better decision-making and decision-making.  is an example of a word processing system that can be used to identify words and identify their semantic relationships."
"Is MSE the only loss function used for
time series, or can other loss functions
also be applied?","While MSE is common for time series,
other loss functions like MAE or custom
losses can also be used based on specific
needs and characteristics of the data.","MSE is a loss function used for time series
and can be used for regression tasks.  The same question as the previous question. Is MSE the only loss function used for time series
or can other loss functions
also be applied?  Yes, MSE is a loss function used for"
where do we use cartesian?,"Euclidean refers to a type of distance measurement that calculates the straight-line distance between two points in space,","The Cartesian model is a popular choice for tasks like dimensionality reduction, dimensionality reduction, and classification.  is an example of a Cartesian model. It is a non-parametric representation of a hidden layer in a neural network."
What is the cross Entropy loss? Is that same as Misclassfication rate?,Cross-entropy loss measures how well the model's predictions match the true labels. It is not same as Misclassification rate which measures the percentage of samples that are misclassified by the model.,The cross Entropy loss is a measure of the number of distinct values in a dataset. It measures the number of distinct values in a given dataset by subtracting the average of the two values.  How is the cross Entropy loss calculated? Is it calculated using the same input data as the cross Entropy loss?
"What is the significance of data mining with ML and AI? How does it differ from traditional data mining, where predictions are left to humans, while ML can make predictions for humans?","Data mining with ML & AI is crucial. ML automates prediction, while data mining relies on human-driven analysis. Together, they enhance decision-making and uncover valuable insights efficiently.","Data mining with ML and AI is a different approach to data mining, where predictions are made by humans, while AI can make predictions for AI.  What is the significance of data mining with ML and AI? How does it differ from"
"Does backpropagation occur exclusively in the fully connected layer, or does it involve other layers in the neural network? Maintain the context in the rephrased question.","Backpropagation updates all layer weights, including convolutions, in CNNs by computing gradients and propagating them for learning and optimization.","Backpropagation occurs in the fully connected layer, or it involves other layers in the neural network.  Yes, backpropagation occurs in the fully connected layer, or it involves other layers in the neural network."
Is it ideal for autoencoders to be symmetric? Could slow compression over many layers and abrupt expansion over a few layers lead to data loss?,"Yes, in autoencoders, symmetric design ensures effective data reconstruction. Slow compression and abrupt expansion can lead to information loss. A balanced architecture and training process are crucial to preserve information and prevent data loss.","The autoencoders are not necessarily symmetric, but they can be used for different purposes.  Is it ideal for autoencoders to be symmetric? Could slow compression over many layers and abrupt expansion over a few layers lead to learn"
"Can autoencoders be used as a dimensionality reduction tool, similar to PCA, in supervised learning scenarios?","Yes, autoencoders can be employed as a dimensionality reduction technique in supervised learning by training the encoder to capture meaningful features, which can enhance the performance of supervised models.","Yes, autoencoders can be used as a dimensionality reduction tool, similar to PCA, in supervised learning scenarios.  Can autoencoders be used as a dimension Yes, autoencoders can be used as a dimensionality reduction tool, similar"
Can you repeat difference between data mining and machine learning,"Data mining refers to the process of discovering patterns, relationships, and insights from large datasets.","for example, do you have any examples of machine learning algorithms that are commonly used for data mining?  Machine learning algorithms are commonly used for data mining, but they are not commonly used for machine learning."
Is there any software available for clinical language annotation?,"CLAMP (Clinical Language Annotation, Modeling, and Processing) is a NLP tool developed for clinical text analysis,used to extract and process information in healthcare and medical domains.","Yes, there is a comprehensive database of medical language labels available for use in clinical language annotation.  Can you provide a simple example of a word embeddings?|answer|Yes, there are several popular word embeddings for use in medical language annotation."
When do we slice?,"Slicing is a useful technique in Python for extracting a subset of elements from a list, tuple, or array.","The slicing algorithm is used to extract the entire dataset from the input data. It is used to extract the edges of the original dataset, which are then used to reconstruct the final shape of the input data.  How can we interpret the output of a slicing algorithm?  The slicing algorithm is used to extract the entire dataset from the input data. It is used to extract the edges"
"In terms of obtaining better context, is lemmatization generally considered superior to stemming?","Yes, lemmatization is generally considered better than stemming for preserving the context of words.","The lemmatization process is not necessarily superior to stemming, but it can be utilized to obtain better context.  The choice of context depends on the specific problem and the specific problem."
Does the kernel provide information about the higher dimension count?,The kernel in machine learning doesn't directly provide information about the higher dimension count; it is a mathematical function used for transforming data.,"The kernel provides information about the higher dimension count, enabling the model to learn more about the features and patterns in the data.  The kernel is a series of three-dimensional representations of the hidden features in a neural network. It learns from the input features, and updates its weights based on the input data."
